metric,iterations,p50_ms,p95_ms,p99_ms,min_ms,max_ms,mean_ms
policy_load_and_verify,1000,1.2881249422207475,1.4885420678183436,1.608041930012405,1.15537503734231,1.7816249746829271,1.309380452032201
gate_decision_allow,1000,0.05083298310637474,0.06070802919566631,0.06975000724196434,0.046332948841154575,0.15304097905755043,0.052459158236160874
gate_decision_deny,1000,0.04083395469933748,0.049875001423060894,0.0601249048486352,0.03683299291878939,0.17212494276463985,0.042231827741488814
token_validation,1000,0.0032919924706220627,0.004250090569257736,0.00466697383671999,0.0030410010367631912,0.014082994312047958,0.003458608756773174
replay_detection,1000,0.00016705598682165146,0.000250060111284256,0.00037497375160455704,0.00012491364032030106,0.005541020072996616,0.00019501789938658476
