metric,num_rules,decision,iterations,p50_us,p95_us,p99_us,min_us,max_us,mean_us
decision_allow_1_rules,1,allow,10000,53.458032198250294,64.83402103185654,77.25006435066462,48.083020374178886,362.83303052186966,55.43715754756704
decision_deny_1_rules,1,deny,10000,42.58297849446535,53.83405368775129,113.33392467349768,36.87501884996891,615.5830342322588,45.61365242116153
decision_allow_5_rules,5,allow,10000,53.08294203132391,63.79105616360903,73.87506775557995,48.54099825024605,409.3750612810254,55.32412563916296
decision_deny_5_rules,5,deny,10000,41.12499300390482,49.37499761581421,68.9999433234334,36.958022974431515,360.0839991122484,42.981206451077014
decision_allow_20_rules,20,allow,10000,52.37502045929432,61.08300294727087,66.70807488262653,48.166955821216106,402.7499817311764,53.65445476491004
decision_deny_20_rules,20,deny,10000,40.45793320983648,47.70804662257433,52.66594234853983,36.958022974431515,158.29200856387615,41.453479998745024
