metric,cache_size,iterations,p50_us,p95_us,p99_us,min_us,max_us,mean_us
component_expiry_check,0,10000,0.125030055642128,0.16705598682165146,0.2080341801047325,0.08288770914077759,7.4999406933784485,0.13534456957131624
component_action_hash_match,0,10000,0.04202593117952347,0.08393544703722,0.08405186235904694,0.0,4.332978278398514,0.05676427390426397
component_signature_check,0,10000,2.9579969123005867,3.7499703466892242,4.041008651256561,2.625049091875553,38.45791798084974,3.0314876814372838
component_replay_lookup_100,100,10000,0.04202593117952347,0.08405186235904694,0.08405186235904694,0.0,0.2919696271419525,0.0579246086999774
full_token_validation_100_cache,100,10000,3.249966539442539,4.083034582436085,4.458008334040642,2.9159709811210632,61.3329466432333,3.3418795908801258
component_replay_lookup_1000,1000,10000,0.04202593117952347,0.08405186235904694,0.08405186235904694,0.0,0.20791776478290558,0.059899513144046075
full_token_validation_1000_cache,1000,10000,3.2080570235848427,3.6669662222266197,4.334026016294956,2.8329668566584587,66.74998439848423,3.2859204919077456
component_replay_lookup_10000,10000,10000,0.04202593117952347,0.08405186235904694,0.08405186235904694,0.0,0.24994369596242905,0.060255872085690505
full_token_validation_10000_cache,10000,10000,3.3329706639051437,4.207948222756386,4.500034265220165,2.874992787837982,391.29203651100397,3.4563872846774757
